The_Boy_in_the_Iceberg, 1
The_Avatar_Returns, 1
The_Southern_Air_Temple, 1
The_Warriors_of_Kyoshi, 1
The_King_of_Omashu, 1
Imprisoned, 1
"Winter_Solstice,_Part_1:_The_Spirit_World", 1
"Winter_Solstice,_Part_2:_Avatar_Roku", 1
The_Waterbending_Scroll, 1
Jet_(episode), 1
The_Great_Divide, 1
The_Storm, 1
The_Blue_Spirit, 1
The_Fortuneteller, 1
Bato_of_the_Water_Tribe, 1
The_Deserter, 1
The_Northern_Air_Temple, 1
The_Waterbending_Master, 1
"The_Siege_of_the_North,_Part_1", 1
"The_Siege_of_the_North,_Part_2", 1
The_Avatar_State, 2
The_Cave_of_Two_Lovers, 2
Return_to_Omashu, 2
The_Swamp, 2
Avatar_Day, 2
The_Blind_Bandit, 2
Zuko_Alone, 2
The_Chase, 2
Bitter_Work, 2
The_Library, 2
The_Desert, 2
The_Serpent%27s_Pass, 2
The_Drill, 2
City_of_Walls_and_Secrets, 2
The_Tales_of_Ba_Sing_Se, 2
Appa%27s_Lost_Days, 2
Lake_Laogai_(episode), 2
The_Earth_King, 2
The_Guru, 2
The_Crossroads_of_Destiny, 2
The_Awakening, 3
The_Headband, 3
The_Painted_Lady, 3
Sokka%27s_Master, 3
The_Beach, 3
The_Avatar_and_the_Fire_Lord, 3
The_Runaway, 3
The_Puppetmaster, 3
Nightmares_and_Daydreams, 3
"The_Day_of_Black_Sun,_Part_1:_The_Invasion", 3
"The_Day_of_Black_Sun,_Part_2:_The_Eclipse", 3
The_Western_Air_Temple, 3
The_Firebending_Masters, 3
"The_Boiling_Rock,_Part_1", 3
"The_Boiling_Rock,_Part_2", 3
The_Southern_Raiders, 3
The_Ember_Island_Players, 3
"Sozin%27s_Comet,_Part_1:_The_Phoenix_King", 3
"Sozin%27s_Comet,_Part_2:_The_Old_Masters", 3
"Sozin%27s_Comet,_Part_3:_Into_the_Inferno", 3
"Sozin%27s_Comet,_Part_4:_Avatar_Aang", 3
